[ec2-user@ip-10-2-11-210 ~]$ mysql -h database-1-replica2.cpzzchoe98fo.ap-northeast-1.rds.amazonaws.com -u admin -p
Enter password:
Welcome to the MySQL monitor.  Commands end with ; or \g.
Your MySQL connection id is 7
Server version: 5.7.22-log Source distribution

Copyright (c) 2000, 2020, Oracle and/or its affiliates. All rights reserved.

Oracle is a registered trademark of Oracle Corporation and/or its
affiliates. Other names may be trademarks of their respective
owners.

Type 'help;' or '\h' for help. Type '\c' to clear the current input statement.

mysql> use udacity;
Reading table information for completion of table and column names
You can turn off this feature to get a quicker startup with -A

Database changed
mysql> SELECT * FROM EMPLOYEE e ;
+----+-------------+
| ID | NAME        |
+----+-------------+
|  2 | Bob Smith   |
|  3 | Bob Smith 2 |
+----+-------------+
2 rows in set (0.01 sec)

mysql> INSERT into EMPLOYEE (NAME) values ('Bob Smith 3');
Query OK, 1 row affected (0.01 sec)

mysql> SELECT * FROM EMPLOYEE e ;
+----+-------------+
| ID | NAME        |
+----+-------------+
|  2 | Bob Smith   |
|  3 | Bob Smith 2 |
|  4 | Bob Smith 3 |
+----+-------------+
3 rows in set (0.00 sec)

mysql> SELECT @@global.read_only;
+--------------------+
| @@global.read_only |
+--------------------+
|                  0 |
+--------------------+
1 row in set (0.00 sec)

mysql>
